,Bam_file,CODING_BASES,CORRECT_STRAND_READS,DX,IGNORED_READS,INCORRECT_STRAND_READS,INTERGENIC_BASES,INTRONIC_BASES,MEDIAN_3PRIME_BIAS,MEDIAN_5PRIME_BIAS,MEDIAN_5PRIME_TO_3PRIME_BIAS,MEDIAN_CV_COVERAGE,NUM_R1_TRANSCRIPT_STRAND_READS,NUM_R2_TRANSCRIPT_STRAND_READS,NUM_UNEXPLAINED_READS,PCT_CODING_BASES,PCT_CORRECT_STRAND_READS,PCT_INTERGENIC_BASES,PCT_INTRONIC_BASES,PCT_MRNA_BASES,PCT_R1_TRANSCRIPT_STRAND_READS,PCT_R2_TRANSCRIPT_STRAND_READS,PCT_USABLE_BASES,PCT_UTR_BASES,PF_ALIGNED_BASES,PF_BASES,RINe,TIN(mean),TIN(median),TIN(stdev),UTR_BASES,extraction,final_freeze_thaw,is_polyA
S10_numsort,S10_numsort.bam,570401229.0,168467.0,Clontech-2,0.0,16567978.0,107547946.0,70624569.0,0.550731,0.00878,0.014235,0.68388,166446.0,16549593.0,20406.0,0.547473,0.010066,0.103225,0.067786,0.828989,0.009957,0.990043,0.816046,0.281516,1041879294.0,1058404064.0,7.4,63.9064883481,66.9997371214,14.1001134728,293305550.0,polyA,5,1.0
S11_numsort,S11_numsort.bam,1119275692.0,282049.0,Clontech-2,0.0,32164149.0,192995863.0,133163654.0,0.568722,0.008836,0.016091,0.688333,278017.0,32132320.0,35861.0,0.559735,0.008693,0.096515,0.066593,0.836892,0.008578,0.991422,0.827748,0.277157,1999651734.0,2021742125.0,7.1,69.3193115508,72.668189925,12.6394789135,554216525.0,polyA,1,1.0
S12_numsort,S12_numsort.bam,783044274.0,305962.0,TD-1,0.0,25195359.0,207782005.0,222084065.0,0.531325,0.010203,0.021383,0.628005,302831.0,25172870.0,25620.0,0.441355,0.011998,0.117114,0.125175,0.757711,0.011887,0.988113,0.748258,0.316356,1774184073.0,1796596882.0,7.9,74.137079987,77.4624370787,11.8594552882,561273729.0,polyA,1,1.0
S13_numsort,S13_numsort.bam,664348046.0,267873.0,TD-1,0.0,20240662.0,145125433.0,168184656.0,0.487294,0.01162,0.02821,0.641419,263930.0,20224158.0,20447.0,0.477131,0.013062,0.104228,0.120789,0.774982,0.012882,0.987118,0.764882,0.297851,1392380623.0,1410767818.0,8.6,73.2583044915,76.3017038502,12.0703934112,414722488.0,polyA,1,1.0
S14_numsort,S14_numsort.bam,528667529.0,178279.0,Clontech-2,0.0,15329735.0,92036030.0,60841668.0,0.616503,0.009618,0.01677,0.678831,176113.0,15315028.0,16873.0,0.554714,0.011496,0.09657,0.063839,0.83959,0.011369,0.988631,0.829631,0.284877,953045624.0,964486568.0,7.0,66.3447352512,69.6217605856,13.4782713835,271500397.0,polyA,1,1.0
S15_numsort,S15_numsort.bam,335578535.0,131601.0,ASD-2,0.0,10348927.0,77214824.0,87086629.0,0.502788,0.010072,0.019989,0.648807,127608.0,10340638.0,12282.0,0.467477,0.012557,0.107564,0.121316,0.77112,0.01219,0.98781,0.761137,0.303643,717850456.0,727266311.0,9.0,71.1079407164,74.1847689576,12.40680762,217970468.0,polyA,2,1.0
S16_numsort,S16_numsort.bam,526017541.0,292798.0,ASD-1,0.0,16285027.0,110827293.0,132188513.0,0.507121,0.016276,0.039919,0.626721,289309.0,16271586.0,16930.0,0.471863,0.017662,0.099417,0.118579,0.782003,0.017469,0.982531,0.771178,0.31014,1114767533.0,1130415238.0,8.9,73.044600568,76.3069024827,12.2906492067,345734186.0,polyA,1,1.0
S17_numsort,S17_numsort.bam,496102201.0,139027.0,TD-1,0.0,15540619.0,104551186.0,120548806.0,0.470441,0.008367,0.020546,0.649034,136197.0,15527963.0,15486.0,0.472718,0.008867,0.099623,0.114867,0.78551,0.008695,0.991305,0.775896,0.312792,1049466678.0,1062471202.0,9.2,71.6729607622,74.8019300055,12.3757055195,328264485.0,polyA,1,1.0
S18_numsort,S18_numsort.bam,918698977.0,282226.0,ASD-1,0.0,28258274.0,220722160.0,245150031.0,0.521695,0.009673,0.020135,0.647994,276436.0,28235538.0,28526.0,0.465759,0.009889,0.111901,0.124285,0.763813,0.009695,0.990305,0.755129,0.298054,1972475288.0,1995161047.0,9.1,72.3803033673,75.5141736128,12.2812976648,587904120.0,polyA,2,1.0
S19_numsort,S19_numsort.bam,457884671.0,127487.0,TD-2,0.0,13995501.0,106744339.0,107298689.0,0.507353,0.007886,0.016002,0.666311,124806.0,13984435.0,13747.0,0.476366,0.009027,0.111053,0.111629,0.777318,0.008846,0.991154,0.768223,0.300952,961203844.0,972582991.0,8.9,71.7276401543,74.959816366,12.406422639,289276145.0,polyA,1,1.0
S1_numsort,S1_numsort.bam,506202492.0,193340.0,TD-2,0.0,16080046.0,96206018.0,115188168.0,0.520486,0.009023,0.019625,0.63777,190884.0,16066838.0,15664.0,0.47524,0.011881,0.090321,0.108142,0.801536,0.011741,0.988259,0.789447,0.326296,1065152025.0,1081462985.0,8.8,70.8367405955,74.1122397344,12.9109660583,347555347.0,polyA,1,1.0
S20_numsort,S20_numsort.bam,597932327.0,120337.0,Clontech-2,0.0,16779056.0,94506566.0,61784337.0,0.554622,0.008467,0.014206,0.692641,118237.0,16761360.0,19796.0,0.58208,0.007121,0.092001,0.060146,0.847853,0.007005,0.992995,0.838455,0.265773,1027233917.0,1038747181.0,7.3,65.8771113708,69.2098842599,13.6860275577,273010687.0,polyA,5,1.0
S21_numsort,S21_numsort.bam,508607288.0,160000.0,TD-1,0.0,15428458.0,109719727.0,130347930.0,0.481504,0.010166,0.025005,0.650615,158233.0,15416295.0,13930.0,0.479203,0.010264,0.103376,0.122812,0.773812,0.01016,0.98984,0.764341,0.294609,1061361438.0,1074512654.0,9.1,72.3061381234,75.3119911727,12.3029555857,312686493.0,polyA,1,1.0
S22_numsort,S22_numsort.bam,753524943.0,287555.0,TD-1,0.0,23218352.0,171403042.0,198058656.0,0.50737,0.010621,0.026036,0.627696,282911.0,23198345.0,24651.0,0.469128,0.012233,0.106712,0.123307,0.769981,0.012048,0.987952,0.760658,0.300853,1606223277.0,1625911138.0,9.0,74.2847654203,77.5126344386,12.1061983747,483236636.0,polyA,1,1.0
S23_numsort,S23_numsort.bam,437708843.0,155270.0,ASD-1,0.0,13551960.0,111844257.0,97275575.0,0.482628,0.009821,0.022952,0.634063,152904.0,13539940.0,14386.0,0.471296,0.011328,0.120426,0.10474,0.774834,0.011167,0.988833,0.763999,0.303538,928735132.0,941905629.0,9.2,70.9998782588,74.2524746529,12.8113531398,281906457.0,polyA,1,1.0
S24_numsort,S24_numsort.bam,548735283.0,257356.0,ASD-3,0.0,16786683.0,125995074.0,131685476.0,0.490929,0.016847,0.039525,0.632296,253552.0,16771930.0,18557.0,0.474953,0.015099,0.109054,0.113979,0.776967,0.014893,0.985107,0.765852,0.302013,1155345877.0,1172112660.0,9.0,73.4168141291,76.6437212616,12.1610584653,348930044.0,polyA,1,1.0
S25_numsort,S25_numsort.bam,857493040.0,252824.0,ASD-2,0.0,26493279.0,191484501.0,217190124.0,0.471603,0.009583,0.028532,0.657564,247583.0,26473664.0,24856.0,0.471576,0.009453,0.105306,0.119443,0.775251,0.009265,0.990735,0.76546,0.303675,1818356574.0,1841613751.0,9.3,72.8894364791,75.9153873305,12.1308014028,552188909.0,polyA,1,1.0
S26_numsort,S26_numsort.bam,550329867.0,198933.0,TD-2,0.0,16671413.0,127254205.0,129176640.0,0.501863,0.012072,0.029114,0.654293,195900.0,16658551.0,15895.0,0.479183,0.011792,0.110803,0.112477,0.776721,0.011623,0.988377,0.766923,0.297537,1148474951.0,1163147085.0,8.8,72.8699305227,76.1733929202,12.3391878242,341714239.0,polyA,1,1.0
S27_numsort,S27_numsort.bam,469490009.0,145743.0,ASD-2,0.0,14163419.0,101786895.0,113611822.0,0.445226,0.011445,0.028692,0.649542,142852.0,14151943.0,14367.0,0.484623,0.010185,0.105068,0.117274,0.777658,0.009993,0.990007,0.768134,0.293036,968774094.0,980786065.0,9.4,71.8721063238,75.0268768431,12.4435206485,283885368.0,polyA,1,1.0
S28_numsort,S28_numsort.bam,644387495.0,155872.0,Clontech-2,0.0,17973330.0,101963531.0,65282095.0,0.538563,0.011223,0.022014,0.681968,153441.0,17956847.0,18914.0,0.585329,0.008598,0.092618,0.059299,0.848083,0.008473,0.991527,0.838247,0.262754,1100898536.0,1113816389.0,7.2,66.428052027,69.6441470651,13.6347004375,289265415.0,polyA,5,1.0
S29_numsort,S29_numsort.bam,805347536.0,245282.0,ASD-1,0.0,24951672.0,168411292.0,199942025.0,0.495449,0.012448,0.029412,0.631912,240392.0,24931444.0,25118.0,0.475756,0.009735,0.099488,0.118115,0.782397,0.00955,0.99045,0.770165,0.306641,1692775475.0,1719659595.0,8.8,73.9169217839,77.1262201335,12.091764059,519074622.0,polyA,1,1.0
S2_numsort,S2_numsort.bam,445250247.0,210569.0,TD-2,0.0,13675711.0,105617179.0,107590194.0,0.527887,0.009846,0.019625,0.656468,207906.0,13665681.0,12693.0,0.469724,0.015164,0.111422,0.113504,0.775074,0.014986,0.985014,0.765118,0.30535,947898146.0,960232544.0,8.5,72.0268521741,75.3087181976,12.4980644669,289440526.0,polyA,1,1.0
S30_numsort,S30_numsort.bam,506846034.0,184647.0,TD-3,0.0,15801376.0,116857326.0,134832692.0,0.505823,0.012342,0.02746,0.632742,181215.0,15787959.0,16849.0,0.463236,0.011551,0.106803,0.123231,0.769966,0.011348,0.988652,0.759526,0.30673,1094142669.0,1109182765.0,8.7,73.009925572,76.1691896348,12.1822298676,335606617.0,polyA,1,1.0
S31_numsort,S31_numsort.bam,610186299.0,213583.0,TD-1,0.0,18551703.0,131846887.0,154292019.0,0.491578,0.011846,0.028128,0.637271,211488.0,18537089.0,16709.0,0.478871,0.011382,0.103473,0.121088,0.77544,0.01128,0.98872,0.765464,0.296569,1274219198.0,1290824633.0,8.9,73.4758721141,76.5189478032,12.1028930071,377893993.0,polyA,1,1.0
S32_numsort,S32_numsort.bam,579238291.0,292151.0,TD-1,0.0,18034233.0,126305653.0,135032806.0,0.480233,0.018662,0.046175,0.650751,288063.0,18018763.0,19558.0,0.472886,0.015942,0.103115,0.11024,0.786645,0.015735,0.984265,0.772002,0.313759,1224900672.0,1248133687.0,9.1,72.8156623619,75.9768052821,11.9849360283,384323922.0,polyA,1,1.0
S33_numsort,S33_numsort.bam,477526571.0,159828.0,ASD-1,0.0,15191823.0,101273340.0,122798669.0,0.489868,0.009202,0.020548,0.653434,157185.0,15179509.0,14957.0,0.462818,0.010411,0.098154,0.119016,0.78283,0.010249,0.989751,0.773205,0.320012,1031780908.0,1044624685.0,8.9,71.5146863884,74.5780324565,12.2991584267,330182328.0,polyA,1,1.0
S34_numsort,S34_numsort.bam,522372265.0,189991.0,ASD-2,0.0,16162676.0,121121246.0,139794105.0,0.505987,0.010077,0.023055,0.647522,186704.0,16149283.0,16680.0,0.464297,0.011618,0.107655,0.124252,0.768092,0.011429,0.988571,0.758421,0.303796,1125083210.0,1139430572.0,9.0,72.7076122888,75.9199946082,12.2288201694,341795594.0,polyA,1,1.0
S35_numsort,S35_numsort.bam,449980787.0,170439.0,ASD-2,0.0,14006144.0,105501341.0,120644279.0,0.505924,0.00945,0.021581,0.654817,167678.0,13994733.0,14172.0,0.461239,0.012023,0.108141,0.123663,0.768197,0.01184,0.98816,0.7589,0.306958,975592309.0,987542976.0,9.0,71.903816388,75.0721932476,12.2746473721,299465902.0,polyA,1,1.0
S36_numsort,S36_numsort.bam,900504730.0,272904.0,ASD-1,0.0,27893284.0,231621646.0,197145383.0,0.46826,0.009141,0.02443,0.636668,268273.0,27868216.0,29699.0,0.471847,0.009689,0.121365,0.1033,0.775334,0.009535,0.990465,0.764705,0.303488,1908467998.0,1934994670.0,9.2,73.0872667525,76.4489329179,12.5510093697,579196239.0,polyA,1,1.0
S37_numsort,S37_numsort.bam,532444781.0,176795.0,TD-1,0.0,16982025.0,138995611.0,152397201.0,0.504632,0.009489,0.021182,0.626721,174774.0,16966883.0,17163.0,0.445374,0.010303,0.116266,0.127476,0.756259,0.010196,0.989804,0.746466,0.310885,1195501523.0,1211184622.0,8.8,72.8363552722,75.8644631245,12.0581025169,371663930.0,polyA,1,1.0
S38_numsort,S38_numsort.bam,870032318.0,314687.0,TD-1,0.0,27163961.0,183156555.0,210741139.0,0.483814,0.009578,0.028105,0.633526,309549.0,27140867.0,28232.0,0.473034,0.011452,0.099582,0.114579,0.785839,0.011277,0.988723,0.776353,0.312805,1839258948.0,1861732819.0,9.2,73.9416421814,77.261126286,12.0944385657,575328936.0,polyA,1,1.0
S39_numsort,S39_numsort.bam,619472427.0,234667.0,ASD-2,0.0,19151602.0,143020122.0,152135575.0,0.522187,0.010786,0.024091,0.655863,230786.0,19135813.0,19670.0,0.469105,0.012105,0.108304,0.115207,0.776489,0.011917,0.988083,0.766686,0.307385,1320542393.0,1337427528.0,8.9,72.7368510992,76.0219534004,12.1507457947,405914269.0,polyA,1,1.0
S3_numsort,S3_numsort.bam,361447741.0,158507.0,TD-1,0.0,11678912.0,96847403.0,107465559.0,0.532672,0.00912,0.016891,0.63755,157023.0,11669156.0,11240.0,0.43653,0.01339,0.116965,0.129789,0.753246,0.013278,0.986722,0.743381,0.316716,828002345.0,838990746.0,8.3,71.5198272367,74.6998225186,12.2559939398,262241642.0,polyA,1,1.0
S40_numsort,S40_numsort.bam,655545671.0,349210.0,ASD-2,0.0,20994424.0,157889810.0,138410349.0,0.570359,0.015306,0.030417,0.666991,344187.0,20976785.0,22662.0,0.460368,0.016361,0.110881,0.097201,0.791918,0.016143,0.983857,0.779328,0.33155,1423959491.0,1446962842.0,8.1,71.9562723013,75.1251641106,11.8603165248,472113661.0,polyA,1,1.0
S41_numsort,S41_numsort.bam,1198299606.0,350992.0,ASD-1,0.0,38009767.0,248189699.0,306995607.0,0.495421,0.010795,0.026837,0.648535,344353.0,37979686.0,36720.0,0.465695,0.00915,0.096454,0.119308,0.784238,0.008985,0.991015,0.774302,0.318543,2573141685.0,2606161571.0,9.0,73.8845215429,76.8874778466,12.0166772081,819656773.0,polyA,1,1.0
S42_numsort,S42_numsort.bam,1133632387.0,369052.0,ASD-1,0.0,35315337.0,284263090.0,266216188.0,0.581887,0.00985,0.024015,0.653401,361122.0,35288268.0,34999.0,0.465186,0.010342,0.116647,0.109242,0.774111,0.01013,0.98987,0.763463,0.308924,2436942136.0,2470929501.0,9.0,73.6350940881,76.779992193,11.8332054394,752830471.0,polyA,2,1.0
S43_numsort,S43_numsort.bam,1184453846.0,381541.0,ASD-2,0.0,36940362.0,281654418.0,320998913.0,0.516727,0.010413,0.024777,0.644599,368703.0,36911101.0,42099.0,0.460179,0.010223,0.109427,0.124713,0.765859,0.00989,0.99011,0.755751,0.30568,2573895709.0,2608323287.0,,74.6070052877,77.7543373341,11.8136325221,786788532.0,polyA,2,1.0
S44_numsort,S44_numsort.bam,538809268.0,174658.0,TD-2,0.0,16366058.0,118481671.0,143022242.0,0.490984,0.011827,0.02644,0.636083,171630.0,16351413.0,17673.0,0.475501,0.010559,0.10456,0.126218,0.769222,0.010387,0.989613,0.759316,0.293721,1133139872.0,1147921862.0,9.0,72.703149674,76.0597330155,12.3541126909,332826691.0,polyA,2,1.0
S45_numsort,S45_numsort.bam,605827529.0,121226.0,Clontech-2,0.0,17427245.0,105753373.0,70222301.0,0.558397,0.008181,0.015825,0.690103,119111.0,17408374.0,20986.0,0.560685,0.006908,0.097873,0.06499,0.837137,0.006796,0.993204,0.828192,0.276452,1080512663.0,1092182424.0,7.3,66.1783123253,69.4549137512,13.4366562875,298709460.0,polyA,1,1.0
S46_numsort,S46_numsort.bam,628545759.0,222004.0,ASD-2,0.0,19992701.0,156077650.0,159085793.0,0.571642,0.01108,0.02386,0.655553,214088.0,19975823.0,24794.0,0.45386,0.010982,0.1127,0.114873,0.772427,0.010604,0.989396,0.761617,0.318567,1384889983.0,1404545851.0,8.7,73.1285576226,76.2347509135,11.8234977086,441180781.0,polyA,2,1.0
S47_numsort,S47_numsort.bam,593149377.0,199770.0,TD-2,0.0,18918052.0,110699626.0,120850452.0,0.559776,0.010603,0.022968,0.638472,196827.0,18902243.0,18752.0,0.480296,0.010449,0.089638,0.097857,0.812505,0.010306,0.989694,0.80216,0.332209,1234966116.0,1250892378.0,9.0,71.6500694286,75.0203395019,12.6402280595,410266661.0,polyA,1,1.0
S48_numsort,S48_numsort.bam,669888437.0,289791.0,ASD-1,0.0,20971424.0,134927715.0,167755572.0,0.486954,0.016852,0.04169,0.625581,285610.0,20954395.0,21210.0,0.471438,0.01363,0.094956,0.118059,0.786985,0.013447,0.986553,0.77609,0.315546,1420946184.0,1440894167.0,9.0,73.7952771093,76.9105429669,12.0801386166,448374460.0,polyA,1,1.0
S49_numsort,S49_numsort.bam,72811459.0,38771.0,ASD-1,0.0,15524002.0,539672750.0,232696825.0,0.531245,0.005976,0.005589,0.713853,38010.0,15460853.0,63910.0,0.046108,0.002491,0.341749,0.147356,0.510895,0.002452,0.997548,0.499188,0.464787,1579147540.0,1616180737.0,8.1,57.3062847287,59.29693689,14.0808856656,733966506.0,polyA,2,1.0
S4_numsort,S4_numsort.bam,486912910.0,166178.0,ASD-1,0.0,15227015.0,126412602.0,106277798.0,0.494927,0.007409,0.014279,0.638651,163657.0,15214147.0,15389.0,0.467612,0.010796,0.121402,0.102065,0.776533,0.010642,0.989358,0.765625,0.308922,1041276173.0,1056111600.0,8.7,71.2121736275,74.4241555599,12.8575111081,321672863.0,polyA,1,1.0
S50_numsort,S50_numsort.bam,1383477221.0,328196.0,ASD-3,0.0,42916858.0,320439065.0,339083517.0,0.489718,0.009932,0.026265,0.653299,319332.0,42882646.0,43076.0,0.47096,0.007589,0.109083,0.11543,0.775487,0.007392,0.992608,0.765128,0.304527,2937569354.0,2977339455.0,8.8,74.507506559,77.7154967221,11.9053189706,894569551.0,polyA,1,1.0
S51_numsort,S51_numsort.bam,273734960.0,71625.0,TD-3,0.0,8660646.0,65423812.0,74745182.0,0.498083,0.009585,0.020281,0.65726,69873.0,8653242.0,9156.0,0.455892,0.008202,0.10896,0.124484,0.766556,0.00801,0.99199,0.756154,0.310664,600438821.0,608698397.0,8.8,69.1991636779,72.2638843746,12.700235776,186534867.0,polyA,1,1.0
S52_numsort,S52_numsort.bam,997613470.0,237495.0,TD-2,0.0,30331234.0,210682792.0,256683979.0,0.48537,0.010256,0.025919,0.645743,231918.0,30305203.0,31608.0,0.479925,0.007769,0.101354,0.123484,0.775162,0.007595,0.992405,0.765356,0.295237,2078684242.0,2105318907.0,8.7,73.9607866231,77.1302795454,12.0222618897,613704001.0,polyA,2,1.0
S53_numsort,S53_numsort.bam,418006541.0,109043.0,ASD-3,0.0,12758659.0,93449330.0,95689477.0,0.486037,0.012816,0.026962,0.653779,106576.0,12748179.0,12947.0,0.482082,0.008474,0.107774,0.110358,0.781868,0.008291,0.991709,0.770838,0.299786,867085755.0,879493273.0,8.8,71.1887448439,74.4415495658,12.3329330499,259940407.0,polyA,1,1.0
S54_numsort,S54_numsort.bam,774896085.0,180078.0,TD-1,0.0,24048804.0,175861101.0,208548027.0,0.485695,0.010582,0.027071,0.645921,177501.0,24028612.0,22769.0,0.466427,0.007432,0.105855,0.12553,0.768616,0.007333,0.992667,0.758609,0.302189,1661346012.0,1683261689.0,8.9,73.9744765049,77.1331987703,11.9768801631,502040799.0,polyA,1,1.0
S55_numsort,S55_numsort.bam,515445054.0,122897.0,ASD-1,0.0,16047688.0,109247096.0,128650230.0,0.479804,0.012003,0.028791,0.644474,119656.0,16034467.0,16462.0,0.473783,0.0076,0.100417,0.118252,0.781331,0.007407,0.992593,0.770149,0.307548,1087935134.0,1103732313.0,9.0,72.2704582031,75.448769057,12.2544154527,334592754.0,polyA,1,1.0
S56_numsort,S56_numsort.bam,765231775.0,239587.0,Clontech-2,0.0,21697342.0,125159134.0,82859681.0,0.545533,0.015678,0.035865,0.676438,236235.0,21676280.0,24414.0,0.571719,0.010922,0.093509,0.061906,0.844585,0.010781,0.989219,0.82912,0.272866,1338475769.0,1363442088.0,7.5,68.515401092,72.0738385835,13.0399391715,365225179.0,polyA,5,1.0
S5_numsort,S5_numsort.bam,426433984.0,168384.0,TD-2,0.0,13456353.0,79195903.0,91806407.0,0.52764,0.009672,0.021747,0.627642,166379.0,13445255.0,13103.0,0.481381,0.012359,0.0894,0.103636,0.806964,0.012223,0.987777,0.795811,0.325583,885855437.0,898269665.0,8.9,70.6485430591,73.9453864694,12.9672734743,288419143.0,polyA,1,1.0
S6_numsort,S6_numsort.bam,1056547762.0,385557.0,Clontech-2,0.0,35334301.0,325770957.0,136251452.0,0.975104,0.005582,0.005773,0.819129,381699.0,35238657.0,99502.0,0.458437,0.010794,0.141352,0.05912,0.799528,0.010716,0.989284,0.782167,0.341091,2304672405.0,2355828085.0,7.3,53.3153637637,55.2574467361,15.7726822379,786102234.0,polyA,5,1.0
S7_numsort,S7_numsort.bam,676870632.0,170259.0,Clontech-2,0.0,19748775.0,119372932.0,72684454.0,0.607996,0.005492,0.009913,0.691689,167589.0,19724029.0,27416.0,0.555431,0.008548,0.097956,0.059644,0.8424,0.008425,0.991575,0.831322,0.286969,1218640008.0,1234879385.0,7.5,63.7222469844,67.0992904427,14.1119477514,349711990.0,polyA,5,1.0
S8_numsort,S8_numsort.bam,509927070.0,271275.0,TD-2,0.0,15653603.0,110083737.0,124421099.0,0.535053,0.015791,0.031912,0.634179,268167.0,15640444.0,16267.0,0.474419,0.017035,0.102418,0.115757,0.781825,0.016857,0.983143,0.767962,0.307406,1074846097.0,1094248010.0,8.5,72.9789426247,76.2317523709,12.1893589995,330414191.0,polyA,2,1.0
S9_numsort,S9_numsort.bam,387191525.0,159661.0,TD-3,0.0,13378512.0,109702552.0,75452087.0,0.811018,0.007199,0.010807,0.786297,156634.0,13369181.0,12358.0,0.427914,0.011793,0.121241,0.083388,0.795372,0.01158,0.98842,0.781602,0.367457,904834053.0,920774686.0,8.3,62.3480586254,65.0862954178,13.3628784491,332487889.0,polyA,1,1.0
A3J9C,trim_Sample_A3J9C_1.fq.sort.bam.bam,594872481.0,612553.0,TD,0.0,27932698.0,363883552.0,430523272.0,0.518491,0.223952,0.458935,0.483432,297537.0,13914050.0,54916.0,0.248593,0.021459,0.152065,0.179913,0.668023,0.020936,0.979064,0.653138,0.419429,2392955126.0,2447488099.0,8.2,79.831806287,82.9893624938,11.5895094671,1003675821.0,riboDep,1,0.0
A3W6D,,,,ASD,,,,,,,,,,,,,,,,,,,,,,,8.3,,,,,,2,
A5G5M,trim_Sample_A5G5M_1.fq.sort.bam.bam,697263908.0,287182.0,ASD,0.0,25551663.0,219212103.0,713218171.0,0.569025,0.175126,0.350313,0.465543,127962.0,12700579.0,78674.0,0.295676,0.011114,0.092957,0.302441,0.604602,0.009975,0.990025,0.590056,0.308926,2358206564.0,2416340071.0,7.0,81.2007204421,84.1653336902,10.8717441147,728512382.0,riboDep,2,0.0
A8N8M,trim_Sample_A8N8M_1.fq.sort.bam.bam,769529132.0,694341.0,TD,0.0,28485681.0,194527142.0,538600721.0,0.550585,0.217988,0.411765,0.478466,333965.0,14162095.0,83233.0,0.320832,0.023795,0.081102,0.224554,0.694344,0.023038,0.976962,0.678589,0.373511,2398538649.0,2454226691.0,8.0,80.6268954256,84.1033352555,11.8495496229,895881654.0,riboDep,1,0.0
B4Z9C,trim_Sample_B4Z9C_1.fq.sort.bam.bam,702940788.0,397177.0,,0.0,25754657.0,189368321.0,719303362.0,0.526639,0.195864,0.421416,0.481365,187811.0,12817439.0,61762.0,0.296873,0.015187,0.079976,0.303783,0.616241,0.014441,0.985559,0.600661,0.319368,2367818336.0,2429234064.0,9.0,80.9271867967,83.9174311524,10.9064305379,756205865.0,riboDep,2,0.0
B8Z4F,trim_Sample_B8Z4F_1.fq.sort.bam.bam,721058217.0,773139.0,,0.0,26963510.0,196979242.0,611657864.0,0.537113,0.186512,0.402391,0.481222,376469.0,13419466.0,60604.0,0.305114,0.027874,0.083351,0.258821,0.657827,0.027288,0.972712,0.640032,0.352714,2363243077.0,2428950102.0,8.0,80.553943238,83.728244986,11.2681807963,833547754.0,riboDep,2,0.0
C3U8Q,trim_Sample_C3U8Q_1.fq.sort.bam.bam,30123844.0,829059.0,ASD,0.0,3954122.0,1190746307.0,734783610.0,0.422692,0.129286,0.066059,1.014146,349994.0,1737392.0,315210.0,0.013694,0.173328,0.541318,0.334036,0.124647,0.167671,0.832329,0.114182,0.110952,2199716941.0,2401309485.0,8.3,29.7878434901,27.5909072682,14.7854439396,244063180.0,riboDep,2,0.0
C4G5E,trim_Sample_C4G5E_1.fq.sort.bam.bam,656797162.0,319023.0,ASD,0.0,26545039.0,316122870.0,547763778.0,0.290167,0.180513,0.613344,0.613509,140449.0,13177637.0,114039.0,0.280701,0.011875,0.135104,0.234103,0.630793,0.010546,0.989454,0.613432,0.350092,2339843265.0,2406063882.0,8.6,75.0406731359,77.4532409727,11.0364812412,819159455.0,riboDep,1,0.0
C7Y3V,trim_Sample_C7Y3V_1.fq.sort.bam.bam,750615828.0,207169.0,ASD,0.0,28913937.0,179686037.0,505151990.0,0.561429,0.216428,0.416198,0.482034,93599.0,14384694.0,67375.0,0.318899,0.007114,0.07634,0.214614,0.709047,0.006465,0.993535,0.68999,0.390148,2353773286.0,2418781841.0,7.6,80.038880194,83.4830423758,12.0526856524,918319431.0,riboDep,1,0.0
D7L2Z,trim_Sample_D7L2Z_1.fq.sort.bam.bam,718758621.0,302913.0,ASD,0.0,27075533.0,199720979.0,628701730.0,0.568468,0.212688,0.411765,0.476841,140040.0,13472268.0,61763.0,0.302216,0.011064,0.083977,0.26435,0.651674,0.010288,0.989712,0.635903,0.349457,2378293777.0,2437275736.0,7.6,80.8423899855,84.0792234102,11.4097452555,831112447.0,riboDep,2,0.0
D8A3T,trim_Sample_D8A3T_1.fq.sort.bam.bam,749377976.0,348009.0,ASD,0.0,28690196.0,191566805.0,536011777.0,0.57744,0.20266,0.413017,0.474365,163546.0,14275948.0,66794.0,0.31404,0.011985,0.08028,0.224625,0.695095,0.011326,0.988674,0.678211,0.381055,2386246701.0,2445651219.0,8.7,80.4912625526,83.7733238791,11.8084521405,909290143.0,riboDep,1,0.0
E6X6M,trim_Sample_E6X6M_1.fq.sort.bam.bam,756160653.0,879705.0,ASD,0.0,27585780.0,177787657.0,614420178.0,0.531712,0.212698,0.424645,0.4741,428782.0,13719822.0,72505.0,0.31613,0.030904,0.074328,0.256872,0.668799,0.030306,0.969694,0.653723,0.352669,2391927034.0,2447089755.0,8.7,80.2797034755,83.6798635437,11.6136995294,843558546.0,riboDep,1,0.0
F2D5V,trim_Sample_F2D5V_1.fq.sort.bam.bam,72458465.0,518437.0,TD,0.0,4220379.0,922522167.0,929610087.0,0.084995,0.057759,0.0,1.440069,242422.0,2074706.0,53688.0,0.034099,0.109402,0.434144,0.437479,0.128377,0.104622,0.895378,0.112324,0.094278,2124924146.0,2428616028.0,8.1,17.8601204399,14.3226244294,12.9966240482,200333427.0,riboDep,2,0.0
F3H4P,trim_Sample_F3H4P_1.fq.sort.bam.bam,737629069.0,344939.0,ASD,0.0,27895548.0,177263077.0,581407886.0,0.523944,0.211089,0.430302,0.488217,162017.0,13879570.0,69578.0,0.312357,0.012214,0.075064,0.246203,0.678733,0.011538,0.988462,0.659282,0.366376,2361495937.0,2431167110.0,8.5,80.5347102272,83.8349190412,11.3906178657,865195905.0,riboDep,1,0.0
F4Q8E,trim_Sample_F4Q8E_1.fq.sort.bam.bam,702319585.0,238596.0,TD,0.0,26882908.0,170038121.0,647503785.0,0.523205,0.188521,0.420783,0.479418,110189.0,13372659.0,64977.0,0.298153,0.008797,0.072186,0.274883,0.652932,0.008173,0.991827,0.635389,0.354778,2355564694.0,2420599086.0,8.1,79.4797490556,82.8842495168,12.0210887317,835703203.0,riboDep,1,0.0
F9Z3U,trim_Sample_F9Z3U_1.fq.sort.bam.bam,743925643.0,195017.0,ASD,0.0,29246778.0,207552564.0,489122069.0,0.511522,0.196402,0.43456,0.488284,88053.0,14560420.0,57895.0,0.313414,0.006624,0.087441,0.206066,0.706493,0.006011,0.993989,0.688609,0.39308,2373623333.0,2435270754.0,8.2,79.8763636096,83.2151198453,11.8699207098,933023057.0,riboDep,1,0.0
G5F8D,trim_Sample_G5F8D_1.fq.sort.bam.bam,740738453.0,196924.0,ASD,0.0,27774820.0,173362387.0,610123346.0,0.483069,0.173135,0.38928,0.505073,89807.0,13827351.0,55898.0,0.313014,0.00704,0.073258,0.25782,0.668922,0.006453,0.993547,0.650897,0.355908,2366469134.0,2432004093.0,6.7,78.8582393268,82.040150092,11.9803772838,842244948.0,riboDep,1,0.0
G7M9T,trim_Sample_G7M9T_1.fq.sort.bam.bam,736164985.0,319527.0,,0.0,28240882.0,188028734.0,555478087.0,0.571096,0.192377,0.388841,0.477983,148350.0,14049075.0,69332.0,0.311526,0.011188,0.079569,0.235064,0.685367,0.010449,0.989551,0.669126,0.373841,2363091502.0,2420448345.0,6.6,80.583581172,83.9900587453,11.6540031995,883419696.0,riboDep,2,0.0
H4Z3U,trim_Sample_H4Z3U_1.fq.sort.bam.bam,581642025.0,221466.0,TD,0.0,22172185.0,210013045.0,874450993.0,0.531382,0.174439,0.353188,0.490428,101677.0,11031046.0,49747.0,0.247934,0.00989,0.089521,0.372748,0.53773,0.009133,0.990867,0.523596,0.289797,2345955897.0,2409286662.0,7.8,79.0289783974,82.0582918707,11.54783673,679849834.0,riboDep,1,0.0
H5U5U,trim_Sample_H5U5U_1.fq.sort.bam.bam,748991504.0,330710.0,,0.0,28406518.0,185776756.0,583286154.0,0.56506,0.185157,0.387587,0.484937,155019.0,14130591.0,69294.0,0.313346,0.011508,0.077721,0.244022,0.678257,0.010851,0.989149,0.662124,0.36491,2390299900.0,2448538532.0,7.5,79.9143107899,83.2106752754,11.8121330864,872245486.0,riboDep,2,0.0
H6D3L,trim_Sample_H6D3L_1.fq.sort.bam.bam,713944116.0,579939.0,ASD,0.0,26863864.0,190423507.0,636307313.0,0.556491,0.197838,0.394447,0.48169,279192.0,13365725.0,65469.0,0.299458,0.021132,0.079872,0.266894,0.653235,0.020461,0.979539,0.636472,0.353777,2384122885.0,2446914272.0,8.2,80.3697479085,83.5552666974,11.4340179393,843447949.0,riboDep,1,0.0
H7U8Q,trim_Sample_H7U8Q_1.fq.sort.bam.bam,688812398.0,220902.0,TD,0.0,26007722.0,200178632.0,721126143.0,0.548047,0.164978,0.351962,0.480267,101054.0,12943939.0,55434.0,0.289859,0.008422,0.084237,0.303457,0.612306,0.007747,0.992253,0.598308,0.322446,2376368868.0,2431963010.0,8.6,80.252288194,83.2811848762,11.3052864947,766251695.0,riboDep,2,0.0
J3A7M,trim_Sample_J3A7M_1.fq.sort.bam.bam,717256250.0,534301.0,,0.0,26444978.0,205725617.0,675941569.0,0.553093,0.189829,0.385858,0.473645,255520.0,13159357.0,67002.0,0.300762,0.019804,0.086266,0.283438,0.630297,0.019048,0.980952,0.615181,0.329534,2384795488.0,2443393286.0,8.8,80.8870590194,83.8728903358,11.0445736112,785872052.0,riboDep,3,0.0
J3N8R,trim_Sample_J3N8R_1.fq.sort.bam.bam,737129828.0,205272.0,ASD,0.0,28531532.0,180232196.0,557033326.0,0.58409,0.178514,0.361842,0.476236,92475.0,14193656.0,69989.0,0.311315,0.007143,0.076118,0.235254,0.688628,0.006473,0.993527,0.672596,0.377312,2367792874.0,2424230203.0,7.9,79.4601806126,82.8395753827,12.2557702851,893397524.0,riboDep,1,0.0
L7C8J,trim_Sample_L7C8J_1.fq.sort.bam.bam,735774910.0,223562.0,TD,0.0,27037007.0,193423214.0,646399182.0,0.571878,0.169388,0.335796,0.479842,101568.0,13449196.0,67295.0,0.312014,0.008201,0.082023,0.274113,0.643864,0.007495,0.992505,0.62963,0.33185,2358149168.0,2411459107.0,8.3,80.6320878661,83.7811873967,11.4476380881,782551862.0,riboDep,1,0.0
L8Y8V,trim_Sample_L8Y8V_1.fq.sort.bam.bam,712499538.0,243864.0,TD,0.0,28193017.0,205627602.0,533496472.0,0.547002,0.210188,0.434268,0.471812,111465.0,14029002.0,64293.0,0.305071,0.008576,0.088044,0.228428,0.683529,0.007883,0.992117,0.667033,0.378457,2335517336.0,2393273196.0,8.5,80.9140703844,84.390645923,11.4913129103,883893724.0,riboDep,1,0.0
M3U4G,trim_Sample_M3U4G_1.fq.sort.bam.bam,706108890.0,568403.0,TD,0.0,27225907.0,197604215.0,601433435.0,0.550498,0.208963,0.431884,0.480761,273779.0,13551389.0,60981.0,0.296729,0.02045,0.083039,0.252741,0.66422,0.019803,0.980197,0.647233,0.367491,2379644718.0,2442097953.0,7.8,80.7104604424,83.8411469629,11.308517564,874498178.0,riboDep,1,0.0
M7J9T,trim_Sample_M7J9T_1.fq.sort.bam.bam,562882097.0,231074.0,ASD,0.0,21036138.0,195582803.0,939052680.0,0.522401,0.177015,0.381124,0.489263,106744.0,10463436.0,53324.0,0.241026,0.010865,0.083749,0.402102,0.514149,0.010099,0.989901,0.499767,0.273123,2335358843.0,2402567972.0,8.5,79.3652984431,82.4363871591,11.3784441928,637841263.0,riboDep,1,0.0
M7Y3Q,trim_Sample_M7Y3Q_1.fq.sort.bam.bam,735739714.0,217076.0,TD,0.0,28081211.0,183348508.0,547705816.0,0.530604,0.195474,0.39703,0.485926,98309.0,13972675.0,63672.0,0.312839,0.007671,0.07796,0.232886,0.689153,0.006987,0.993013,0.670338,0.376315,2351817438.0,2417830993.0,8.4,80.0618416003,83.369676558,11.826784974,885023400.0,riboDep,1,0.0
M9Q2D,trim_Sample_M9Q2D_1.fq.sort.bam.bam,760701427.0,308649.0,ASD,0.0,28630103.0,184689690.0,525542815.0,0.540837,0.20403,0.439302,0.471527,143605.0,14243273.0,71757.0,0.323713,0.010666,0.078594,0.223642,0.697764,0.009982,0.990018,0.680244,0.37405,2349924229.0,2410444942.0,8.0,80.6236279806,84.1508455844,11.7479421197,878990297.0,riboDep,1,0.0
N3A2W,trim_Sample_N3A2W_1.fq.sort.bam.bam,740481961.0,865285.0,TD,0.0,28986109.0,193548889.0,489860257.0,0.52622,0.238094,0.480519,0.477456,420350.0,14418952.0,78016.0,0.308751,0.028986,0.080702,0.204252,0.715046,0.028327,0.971673,0.701185,0.406294,2398311150.0,2445721491.0,9.0,80.8278518566,84.3063855279,11.7726444402,974420043.0,riboDep,1,0.0
N6D6M,trim_Sample_N6D6M_1.fq.sort.bam.bam,735553991.0,227380.0,TD,0.0,27866961.0,194146263.0,582195718.0,0.54038,0.213106,0.439417,0.472741,102242.0,13863984.0,68001.0,0.310832,0.008093,0.082043,0.246026,0.671931,0.007321,0.992679,0.655505,0.361099,2366399963.0,2425699748.0,7.9,81.0083608882,84.2935247571,11.499111407,854503991.0,riboDep,1,0.0
N6W9J,trim_Sample_N6W9J_1.fq.sort.bam.bam,759000760.0,221037.0,ASD,0.0,29103771.0,183032373.0,506041990.0,0.529516,0.201784,0.437955,0.48617,100153.0,14484281.0,67237.0,0.320534,0.007538,0.077297,0.213707,0.708996,0.006867,0.993133,0.691241,0.388462,2367924154.0,2428746661.0,7.9,80.2541581956,83.6250426443,11.7935484278,919849031.0,riboDep,1,0.0
Q3E8E,trim_Sample_Q3E8E_1.fq.sort.bam.bam,768713463.0,388338.0,ASD,0.0,29353268.0,178157438.0,508587829.0,0.558555,0.219448,0.409032,0.481224,183657.0,14604213.0,70275.0,0.322846,0.013057,0.074823,0.213598,0.711579,0.012419,0.987581,0.693393,0.388733,2381050712.0,2443498729.0,8.9,80.3236788775,83.7546828321,11.8062087814,925591982.0,riboDep,1,0.0
Q9R4U,trim_Sample_Q9R4U_1.fq.sort.bam.bam,744735606.0,233063.0,ASD,0.0,27640398.0,180430897.0,626504232.0,0.563627,0.190326,0.360048,0.476183,106108.0,13756555.0,61916.0,0.316066,0.008361,0.076575,0.265889,0.657536,0.007654,0.992346,0.640326,0.34147,2356264507.0,2419595862.0,7.9,80.8510247543,83.8532383424,11.1215530736,804593772.0,riboDep,1,0.0
R3N5A,trim_Sample_R3N5A_1.fq.sort.bam.bam,750733445.0,219321.0,ASD,0.0,28535026.0,192636882.0,569689735.0,0.565797,0.185062,0.356688,0.482716,100160.0,14198292.0,65461.0,0.314531,0.007627,0.080708,0.23868,0.680612,0.007005,0.992995,0.664134,0.366081,2386834467.0,2446055283.0,8.4,79.9766262717,83.3025794892,11.9155191994,873774405.0,riboDep,1,0.0
R3N7U,trim_Sample_R3N7U_1.fq.sort.bam.bam,721293751.0,222779.0,TD,0.0,27692106.0,192217529.0,583812070.0,0.550052,0.190649,0.386007,0.47788,101134.0,13781902.0,60274.0,0.306134,0.007981,0.081582,0.247784,0.670634,0.007285,0.992715,0.654239,0.3645,2356134124.0,2415180516.0,7.4,80.6766460557,84.0148288842,11.5893843513,858810774.0,riboDep,1,0.0
R6W8B,trim_Sample_R6W8B_1.fq.sort.bam.bam,673058015.0,312738.0,TD,0.0,24799795.0,187957253.0,778211053.0,0.538296,0.184511,0.385381,0.485918,147184.0,12335543.0,60167.0,0.284636,0.012453,0.079487,0.329105,0.591408,0.011791,0.988209,0.57673,0.306772,2364626308.0,2424803380.0,9.1,79.2025561937,82.4820953085,11.8865423173,725399987.0,riboDep,1,0.0
S2X8A,trim_Sample_S2X8A_1.fq.sort.bam.bam,685331499.0,396793.0,ASD,0.0,26857958.0,197941188.0,627717367.0,0.554181,0.196301,0.392442,0.49094,188224.0,13362481.0,64182.0,0.28845,0.014559,0.083312,0.264201,0.652488,0.01389,0.98611,0.635127,0.364038,2375911218.0,2440855304.0,7.5,80.0233890021,83.2563146034,11.6487521354,864921164.0,riboDep,1,0.0
S6K2X,trim_Sample_S6K2X_1.fq.sort.bam.bam,741545534.0,215777.0,TD,0.0,28535710.0,191336044.0,543624223.0,0.51813,0.203862,0.41489,0.492677,98108.0,14204563.0,64046.0,0.312557,0.007505,0.080647,0.229134,0.690219,0.006859,0.993141,0.673548,0.377662,2372514211.0,2431236972.0,7.0,80.1574766228,83.4432109655,11.657777246,896008410.0,riboDep,1,0.0
S8P3B,trim_Sample_S8P3B_1.fq.sort.bam.bam,748066383.0,232702.0,TD,0.0,27807717.0,189689601.0,587839984.0,0.560199,0.190765,0.386856,0.479475,106325.0,13829359.0,70140.0,0.317159,0.008299,0.080423,0.249228,0.670349,0.00763,0.99237,0.654157,0.35319,2358647648.0,2417032286.0,9.1,80.0656879499,83.4481963848,11.9271471974,833051680.0,riboDep,1,0.0
T3E8T,trim_Sample_T3E8T_1.fq.sort.bam.bam,666967087.0,720766.0,TD,0.0,24492596.0,223109411.0,767878157.0,0.53389,0.175654,0.364022,0.488938,350440.0,12190389.0,55202.0,0.277476,0.028587,0.092819,0.319458,0.587723,0.027944,0.972056,0.576179,0.310247,2403691842.0,2451847947.0,7.7,79.8638741064,82.8269945491,11.3975966219,745737187.0,riboDep,2,0.0
T5X2N,trim_Sample_T5X2N_1.fq.sort.bam.bam,742152608.0,365328.0,ASD,0.0,27890582.0,202416930.0,578801008.0,0.5712,0.179696,0.344108,0.477589,170257.0,13879492.0,67963.0,0.313079,0.012929,0.08539,0.244169,0.670441,0.012118,0.987882,0.654408,0.357362,2370495020.0,2428573048.0,9.1,81.1273393212,84.1979729495,10.9910681946,847124474.0,riboDep,2,0.0
T8C6Q,trim_Sample_T8C6Q_1.fq.sort.bam.bam,755987003.0,200189.0,TD,0.0,29033230.0,194117599.0,496305053.0,0.602325,0.195116,0.39151,0.481118,90925.0,14436893.0,75644.0,0.31986,0.006848,0.082132,0.209988,0.707881,0.006259,0.993741,0.688925,0.388021,2363495809.0,2428526186.0,7.7,80.1409797665,83.5729996893,12.1782936912,917086154.0,riboDep,1,0.0
T8T3Y,trim_Sample_T8T3Y_1.fq.sort.bam.bam,696329829.0,434533.0,TD,0.0,25281217.0,197310248.0,732773182.0,0.502554,0.163886,0.36119,0.489965,207147.0,12578489.0,61207.0,0.293411,0.016898,0.08314,0.308767,0.608092,0.016202,0.983798,0.590743,0.314681,2373220058.0,2442918217.0,8.8,79.9270967979,82.9322158509,11.2660620583,746806799.0,riboDep,1,0.0
U5B9H,trim_Sample_U5B9H_1.fq.sort.bam.bam,760293440.0,270495.0,ASD,0.0,28502657.0,184602854.0,581425934.0,0.591768,0.187196,0.374847,0.478122,125182.0,14191745.0,57676.0,0.321205,0.009401,0.07799,0.245638,0.676372,0.008744,0.991256,0.659789,0.355168,2367006769.0,2426500095.0,9.1,80.3091934091,83.5891422256,11.6515920624,840684541.0,riboDep,3,0.0
U6H3B,trim_Sample_U6H3B_1.fq.sort.bam.bam,675829127.0,291961.0,TD,0.0,26169148.0,201745432.0,669189127.0,0.604423,0.178572,0.359641,0.480126,135745.0,13020064.0,60791.0,0.284911,0.011034,0.08505,0.282112,0.632838,0.010318,0.989682,0.61776,0.347926,2372069132.0,2429963100.0,9.1,79.7080361347,82.9472989519,11.7714588079,825305446.0,riboDep,2,0.0
V4A4U,trim_Sample_V4A4U_1.fq.sort.bam.bam,758161459.0,351536.0,TD,0.0,28831180.0,195134246.0,543681674.0,0.526871,0.195131,0.4173,0.485386,166668.0,14338363.0,72935.0,0.318134,0.012046,0.081881,0.228136,0.689984,0.01149,0.98851,0.672174,0.37185,2383150970.0,2446292133.0,8.1,79.4516328985,82.8509834089,12.0306752411,886173591.0,riboDep,1,0.0
V5G2E,,,,TD,,,,,,,,,,,,,,,,,,,,,,,6.9,,,,,,1,
V7Y3Z,trim_Sample_V7Y3Z_1.fq.sort.bam.bam,733924279.0,225717.0,TD,0.0,27409217.0,189297483.0,643133640.0,0.567579,0.171298,0.349723,0.47738,103119.0,13643526.0,58043.0,0.307908,0.008168,0.079417,0.269818,0.650764,0.007501,0.992499,0.635304,0.342856,2383579867.0,2441583833.0,6.2,80.4278488237,83.4589005538,11.4660227232,817224465.0,riboDep,2,0.0
X5W4Z,,,,ASD,,,,,,,,,,,,,,,,,,,,,,,8.5,,,,,,1,
Y2W7Y,trim_Sample_Y2W7Y_1.fq.sort.bam.bam,683328096.0,424203.0,TD,0.0,25522708.0,197352004.0,711062987.0,0.56021,0.17779,0.360015,0.467063,199581.0,12693833.0,66329.0,0.290426,0.016349,0.083878,0.302214,0.613908,0.015479,0.984521,0.600274,0.323482,2352846752.0,2406286108.0,7.3,81.3785455675,84.3598013641,10.7058481678,761103665.0,riboDep,1,0.0
Y5A9A,trim_Sample_Y5A9A_1.fq.sort.bam.bam,650377321.0,321494.0,ASD,0.0,27647274.0,221227005.0,546049972.0,0.52299,0.199588,0.420513,0.476318,146065.0,13741713.0,82926.0,0.274973,0.011495,0.093532,0.230864,0.675603,0.010518,0.989482,0.657074,0.40063,2365242159.0,2431941687.0,7.1,79.7475508048,82.9706253809,11.6866079722,947587861.0,riboDep,3,0.0
Z2G9V,trim_Sample_Z2G9V_1.fq.sort.bam.bam,686011542.0,400353.0,ASD,0.0,26615132.0,191630356.0,639899897.0,0.503776,0.208364,0.437282,0.500122,190477.0,13249088.0,56915.0,0.287819,0.014819,0.080399,0.268472,0.651129,0.014173,0.985827,0.633359,0.36331,2383486487.0,2450358275.0,7.1,79.2423393851,82.5614769584,11.9031256829,865944692.0,riboDep,1,0.0
Z3S5Y,trim_Sample_Z3S5Y_1.fq.sort.bam.bam,688292542.0,403500.0,TD,0.0,26266031.0,196261694.0,647665280.0,0.539988,0.217449,0.422222,0.479479,190697.0,13065216.0,65279.0,0.29055,0.01513,0.082848,0.2734,0.643752,0.014386,0.985614,0.627551,0.353202,2368931230.0,2430086566.0,7.5,80.7061908459,83.9692219678,11.4772368125,836711714.0,riboDep,1,0.0
Z8Y6T,,,,,,,,,,,,,,,,,,,,,,,,,,,8.7,,,,,,2,
